Request ID,Patient ID,Prediction,Confidence
API001,PT1001,Low Demand,90%
API002,PT1002,High Readmission Risk,94%
API003,PT1003,Low Risk,91%
API004,PT1004,High Medicine Demand,88%
API005,PT1005,Low Risk,98%
API006,PT1006,Low Risk,98%
API007,PT1007,Medium Demand,89%
API008,PT1008,High Readmission Risk,91%
API009,PT1009,Low Demand,99%
API010,PT1010,Medium Demand,88%
API011,PT1011,High Readmission Risk,97%
API012,PT1012,High Readmission Risk,97%
API013,PT1013,Low Demand,90%
API014,PT1014,High Medicine Demand,93%
API015,PT1015,Medium Demand,97%
API016,PT1016,High Medicine Demand,88%
API017,PT1017,Medium Readmission Risk,96%
API018,PT1018,High Readmission Risk,95%
API019,PT1019,Medium Readmission Risk,95%
API020,PT1020,High Medicine Demand,91%
API021,PT1021,Medium Readmission Risk,91%
API022,PT1022,Medium Demand,92%
API023,PT1023,Low Demand,99%
API024,PT1024,High Readmission Risk,94%
API025,PT1025,Medium Demand,94%
API026,PT1026,Medium Demand,97%
API027,PT1027,Medium Demand,92%
API028,PT1028,Medium Readmission Risk,98%
API029,PT1029,Medium Demand,94%
API030,PT1030,Medium Demand,94%
API031,PT1031,Medium Demand,88%
API032,PT1032,Low Demand,92%
API033,PT1033,Medium Demand,97%
API034,PT1034,High Readmission Risk,91%
API035,PT1035,Low Demand,97%
API036,PT1036,Medium Readmission Risk,98%
API037,PT1037,High Readmission Risk,89%
API038,PT1038,High Medicine Demand,95%
API039,PT1039,Medium Demand,93%
API040,PT1040,Medium Readmission Risk,94%
API041,PT1041,Medium Readmission Risk,91%
API042,PT1042,Medium Readmission Risk,94%
API043,PT1043,Medium Readmission Risk,94%
API044,PT1044,Medium Readmission Risk,97%
API045,PT1045,Low Demand,89%
API046,PT1046,High Medicine Demand,96%
API047,PT1047,High Medicine Demand,88%
API048,PT1048,Low Demand,91%
API049,PT1049,High Readmission Risk,93%
API050,PT1050,Low Risk,98%
API051,PT1051,Low Risk,99%
API052,PT1052,Medium Readmission Risk,88%
API053,PT1053,High Medicine Demand,92%
API054,PT1054,Low Risk,97%
API055,PT1055,High Readmission Risk,92%
API056,PT1056,High Readmission Risk,98%
API057,PT1057,Low Demand,90%
API058,PT1058,Low Risk,88%
API059,PT1059,Low Risk,90%
API060,PT1060,Low Demand,90%
API061,PT1061,Low Risk,95%
API062,PT1062,Low Demand,95%
API063,PT1063,Medium Demand,89%
API064,PT1064,Low Demand,99%
API065,PT1065,Low Risk,94%
API066,PT1066,Medium Demand,92%
API067,PT1067,High Medicine Demand,93%
API068,PT1068,High Medicine Demand,90%
API069,PT1069,High Readmission Risk,92%
API070,PT1070,Medium Readmission Risk,93%
API071,PT1071,High Readmission Risk,92%
API072,PT1072,Low Demand,97%
API073,PT1073,Low Demand,96%
API074,PT1074,Low Demand,94%
API075,PT1075,Medium Demand,93%
API076,PT1076,Medium Readmission Risk,95%
API077,PT1077,Medium Demand,96%
API078,PT1078,Medium Readmission Risk,98%
API079,PT1079,High Readmission Risk,88%
API080,PT1080,Medium Demand,90%
API081,PT1081,High Medicine Demand,91%
API082,PT1082,Medium Demand,88%
API083,PT1083,High Readmission Risk,92%
API084,PT1084,Medium Demand,99%
API085,PT1085,High Readmission Risk,94%
API086,PT1086,High Medicine Demand,95%
API087,PT1087,High Medicine Demand,95%
API088,PT1088,Low Demand,99%
API089,PT1089,Low Risk,95%
API090,PT1090,High Readmission Risk,95%
API091,PT1091,High Medicine Demand,99%
API092,PT1092,Medium Demand,89%
API093,PT1093,Low Demand,89%
API094,PT1094,Medium Demand,92%
API095,PT1095,Medium Demand,90%
API096,PT1096,Medium Readmission Risk,96%
API097,PT1097,Low Demand,97%
API098,PT1098,Medium Readmission Risk,97%
API099,PT1099,Medium Demand,97%
API100,PT1100,High Medicine Demand,96%
API101,PT1101,Low Risk,90%
API102,PT1102,High Readmission Risk,89%
API103,PT1103,Medium Demand,95%
API104,PT1104,Medium Readmission Risk,89%
API105,PT1105,Low Demand,88%
API106,PT1106,Low Demand,98%
API107,PT1107,Medium Readmission Risk,89%
API108,PT1108,High Readmission Risk,93%
API109,PT1109,Low Risk,89%
API110,PT1110,Low Demand,90%
API111,PT1111,High Medicine Demand,89%
API112,PT1112,High Readmission Risk,99%
API113,PT1113,Medium Readmission Risk,95%
API114,PT1114,High Readmission Risk,98%
API115,PT1115,Low Demand,97%
API116,PT1116,Medium Readmission Risk,88%
API117,PT1117,Low Demand,88%
API118,PT1118,Medium Readmission Risk,97%
API119,PT1119,High Readmission Risk,93%
API120,PT1120,Medium Readmission Risk,99%
API121,PT1121,Low Risk,90%
API122,PT1122,Medium Demand,88%
API123,PT1123,Medium Readmission Risk,92%
API124,PT1124,Low Demand,88%
API125,PT1125,Medium Readmission Risk,89%
API126,PT1126,Low Risk,97%
API127,PT1127,High Readmission Risk,89%
API128,PT1128,High Readmission Risk,92%
API129,PT1129,Medium Demand,91%
API130,PT1130,High Readmission Risk,89%
API131,PT1131,High Medicine Demand,91%
API132,PT1132,Medium Demand,94%
API133,PT1133,High Readmission Risk,92%
API134,PT1134,Medium Readmission Risk,98%
API135,PT1135,Medium Demand,89%
API136,PT1136,Low Demand,95%
API137,PT1137,High Readmission Risk,99%
API138,PT1138,Low Demand,98%
API139,PT1139,Low Risk,90%
API140,PT1140,Low Demand,98%
API141,PT1141,High Medicine Demand,93%
API142,PT1142,Low Risk,91%
API143,PT1143,High Readmission Risk,95%
API144,PT1144,High Readmission Risk,95%
API145,PT1145,Low Demand,97%
API146,PT1146,Low Risk,94%
API147,PT1147,High Medicine Demand,94%
API148,PT1148,Low Demand,97%
API149,PT1149,Medium Demand,94%
API150,PT1150,Medium Readmission Risk,94%
API151,PT1151,High Medicine Demand,88%
API152,PT1152,Low Risk,93%
API153,PT1153,High Readmission Risk,98%
API154,PT1154,Medium Demand,98%
API155,PT1155,Medium Readmission Risk,99%
API156,PT1156,Medium Demand,95%
API157,PT1157,Low Risk,98%
API158,PT1158,Medium Readmission Risk,96%
API159,PT1159,High Medicine Demand,92%
API160,PT1160,High Readmission Risk,94%
API161,PT1161,High Medicine Demand,95%
API162,PT1162,Low Demand,90%
API163,PT1163,Medium Demand,98%
API164,PT1164,Low Demand,91%
API165,PT1165,Low Risk,94%
API166,PT1166,Low Demand,97%
API167,PT1167,High Medicine Demand,96%
API168,PT1168,High Medicine Demand,88%
API169,PT1169,Low Risk,89%
API170,PT1170,Low Risk,94%
API171,PT1171,High Readmission Risk,89%
API172,PT1172,High Readmission Risk,98%
API173,PT1173,Medium Readmission Risk,97%
API174,PT1174,Low Demand,93%
API175,PT1175,Low Demand,97%
API176,PT1176,High Medicine Demand,96%
API177,PT1177,High Medicine Demand,89%
API178,PT1178,Medium Readmission Risk,98%
API179,PT1179,High Readmission Risk,90%
API180,PT1180,Medium Demand,94%
API181,PT1181,High Medicine Demand,89%
API182,PT1182,High Readmission Risk,99%
API183,PT1183,Low Demand,93%
API184,PT1184,Low Risk,99%
API185,PT1185,High Readmission Risk,98%
API186,PT1186,High Readmission Risk,97%
API187,PT1187,Low Demand,93%
API188,PT1188,Medium Demand,91%
API189,PT1189,Medium Demand,89%
API190,PT1190,Medium Readmission Risk,97%
API191,PT1191,Low Demand,98%
API192,PT1192,High Medicine Demand,94%
API193,PT1193,Low Risk,88%
API194,PT1194,High Medicine Demand,94%
API195,PT1195,High Medicine Demand,88%
API196,PT1196,Medium Demand,98%
API197,PT1197,High Readmission Risk,95%
API198,PT1198,Medium Readmission Risk,94%
API199,PT1199,Medium Readmission Risk,99%
API200,PT1200,Low Risk,99%
